pos,k_7,m_7,mp_7,al_7,alpha_7,l_7,j_7,r_7,c1_7,K_7,f_7,g_7,Q_7
1,0.0576819380510403,0.771243582013036,0.750056418385328,2.50039161482177,0.043288260455995,0.0547796051066669,0.127081032021199,0.0175249381333325,0.250440766862282,0.251864145472121,0.125257767029623,0.0175005048351047,0.955261279618021
2,0.0601600135112404,1.22009405129196,0.767609210030943,2.51616570331547,0.0507748259414572,0.0677650186985724,0.188145261723105,0.0178108107053219,0.30928770500571,0.287348696665588,0.145865473801605,0.0175285617778716,1.39238665738001
3,0.062433655875211,1.96183419487965,0.855806822516081,2.59263028525681,0.063158040211279,0.0795810273439347,0.538304642875129,0.0200977235205629,0.438435450387029,0.429816760419295,0.271053703361819,0.0176875448164487,1.70146027605323
4,0.065164338750008,3.41449937086037,1.21662943337569,3.04419803380537,0.0871903898191021,0.0943152528222756,1.24150275422001,0.0258237018433497,1.79975471374059,1.03827114170437,0.592969972866752,0.0182223136150146,2.10080114924219
5,0.0677641220371475,5.95865015443778,2.02885149201032,7.52491534684328,0.12021006249814,0.110184039365672,1.75590720319958,0.0357351007614133,2.65465216905092,2.38639267179108,0.86388758792862,0.0191395759533637,2.57139171075421
6,0.0698487464781796,9.92084402425894,3.8213749462495,27.3929517890329,0.1455462073682,0.123237353207683,1.95597081370582,0.0471277043966077,3.66593087505761,3.33600742253084,0.977415298470463,0.0213530345519834,3.24317123437567
7,0.0714720895651021,11.6345956484665,6.7147077586599,39.8809611551196,0.159557007766729,0.13880403161646,1.99953647381043,0.0658706871184644,3.98906978495206,3.99657805259152,0.999875583132287,0.0239337211112795,3.99143372848536
