pos,k_4,m_4,mp_4,al_4,alpha_4,l_4,j_4,r_4,c1_4,K_4,f_4,g_4,Q_4
1,0.0703294255647718,1.10220906002715,0.750012450888882,2.50000516924707,0.127104551629795,0.0683891764871206,1.81887939381974,0.0369802177155327,1.16153216028194,2.90936179326367,0.844222256103215,0.0175000852337201,0.565063114141629
2,0.0709061810311758,1.22106542551694,0.75063753896515,2.50026540058415,0.141571302059661,0.0701274956470002,1.87414467815081,0.0390820474281786,1.23440370464344,3.08766684475343,0.913795163553666,0.0175013483746522,0.597932510565324
3,0.0713578967701691,1.31279492881521,0.755041177012545,2.5016607815354,0.148399413689863,0.0728489478609545,1.92190953555404,0.0413630365196806,1.35198380391499,3.37994554353082,0.955975634598023,0.0175120254858237,0.642790090792236
4,0.0718192145129462,1.42351253872124,0.768290070070516,2.50679691586059,0.154695234148871,0.0754573457927215,1.96774758848999,0.0443547155197276,1.48050126570622,3.73955022725592,0.981870251889392,0.0175458835663305,0.694214835428879
5,0.0722938983259574,1.55934768268927,0.793122859214268,2.51601402356004,0.158576371029105,0.0781669793574777,1.99065016069408,0.0473306191474662,1.5717387154859,3.92492072787454,0.994658214496849,0.0176186224754017,0.75247820842748
6,0.0726722359395113,1.6873337348752,0.831145324409085,2.53209913144145,0.15970984035142,0.0806665199895928,1.99858327111304,0.0496617858940911,1.64283678092183,3.98331950035634,0.999151168812707,0.0177244410905285,0.794917757022982
7,0.0729315807821818,1.89295850423784,0.892296642075569,2.57507998017408,0.159978863204889,0.0829621215378039,1.99993742026001,0.0518646541789132,1.71866009649755,3.9967721408881,0.999939348663211,0.0179012544903417,0.883102468983534
